City,Cloudiness,Country,Date,Humidity,Lat,Lng,Max Temp,Wind Speed
São João da Barra,90,BR,1612538589,69,-21.6403,-41.0511,82.4,10.2
Mahébourg,40,MU,1612538589,69,-20.4081,57.7,82.4,13.8
Zhigalovo,100,RU,1612538589,91,54.8097,105.1578,4.44,3.58
Hilo,1,US,1612538539,67,19.7297,-155.09,63.0,6.91
Kaitangata,95,NZ,1612538589,92,-46.2817,169.8464,46.51,5.23
Arraial do Cabo,90,BR,1612538476,89,-22.9661,-42.0278,78.8,5.75
Saint-Joseph,0,RE,1612538589,65,-21.3667,55.6167,84.2,10.36
Cape Town,20,ZA,1612538500,64,-33.9258,18.4232,78.01,27.63
Qaanaaq,22,GL,1612538589,72,77.484,-69.3632,-14.28,6.67
Punta Arenas,20,CL,1612538535,50,-53.15,-70.9167,55.4,28.77
Alyangula,90,AU,1612538591,94,-13.8483,136.4192,78.8,5.75
Poronaysk,26,RU,1612538591,84,49.2167,143.1167,-14.62,3.4
Puerto Ayora,75,EC,1612538591,69,-0.7393,-90.3518,82.4,10.36
Ushuaia,75,AR,1612538591,81,-54.8,-68.3,48.2,34.52
Robertsport,99,LR,1612538418,72,6.7533,-11.3686,82.6,10.04
Mar del Plata,0,AR,1612538501,60,-38.0023,-57.5575,73.4,6.91
Kapaa,90,US,1612538591,77,22.0752,-159.319,63.0,4.61
Port Alfred,97,ZA,1612538591,85,-33.5906,26.891,73.99,5.99
Yangi Marg`ilon,100,UZ,1612538591,65,40.4272,71.7189,37.4,4.61
Okha,99,RU,1612538592,89,53.5739,142.9478,-8.16,20.4
Albany,100,US,1612538436,67,42.6001,-73.9662,35.01,1.01
Ahipara,100,NZ,1612538592,89,-35.1667,173.1667,60.46,4.83
Bandarbeyla,12,SO,1612538592,67,9.4942,50.8122,75.0,12.03
New Norfolk,100,AU,1612538592,84,-42.7826,147.0587,70.0,1.01
Tuktoyaktuk,75,CA,1612538592,68,69.4541,-133.0374,-29.2,11.5
Sulangan,25,PH,1612538592,82,11.1373,123.7228,80.82,12.84
Torbay,75,CA,1612538592,93,47.6666,-52.7314,46.4,16.11
Lavrentiya,100,RU,1612538593,92,65.5833,-171.0,1.49,17.07
Ponta do Sol,72,PT,1612538593,56,32.6667,-17.1,57.99,8.99
Houma,90,US,1612538593,82,29.5958,-90.7195,53.01,11.5
Bethel,90,US,1612538593,87,41.3712,-73.414,36.0,9.22
Keti Bandar,0,PK,1612538593,60,24.1447,67.4497,68.11,9.28
Muzhi,100,RU,1612538594,89,65.3667,64.6667,-13.59,10.8
Hithadhoo,100,MV,1612538471,78,-0.6,73.0833,82.89,14.79
Ürümqi,96,CN,1612538594,85,43.801,87.6005,14.0,2.24
Hobart,90,AU,1612538542,83,-42.8794,147.3294,70.0,8.05
Sept-Îles,100,CA,1612538342,93,50.2001,-66.3821,36.0,3.44
Bay Roberts,75,CA,1612538594,100,47.5999,-53.2648,42.01,11.95
Vaini,90,TO,1612538595,94,-21.2,-175.2,78.8,1.14
Faanui,95,PF,1612538595,71,-16.4833,-151.75,80.55,8.57
Hermanus,0,ZA,1612538595,69,-34.4187,19.2345,79.0,4.0
Nikolskoye,40,RU,1612538595,78,59.7035,30.7861,8.01,13.42
Vestmannaeyjar,40,IS,1612538595,87,63.4427,-20.2734,37.4,25.32
Thompson,75,CA,1612538595,69,55.7435,-97.8558,-16.6,8.05
Wagar,0,SD,1612538595,15,16.1525,36.2032,79.41,15.1
Kungurtug,79,RU,1612538595,90,50.5994,97.5228,5.38,2.51
Tiksi,100,RU,1612538595,89,71.6872,128.8694,-17.23,16.11
Zhangaözen,10,KZ,1612538486,88,43.3,52.8,46.76,7.67
Saint-Philippe,0,RE,1612538596,65,-21.3585,55.7679,84.2,10.36
Kyabé,55,TD,1612538596,9,9.4515,18.9449,99.95,8.7
Hofn,90,IS,1612538596,86,64.2539,-15.2082,33.8,14.97
Aljezur,100,PT,1612538596,100,37.3191,-8.8033,54.0,1.99
Oceanside,1,US,1612538521,100,33.1959,-117.3795,46.4,3.09
Hasaki,75,JP,1612538299,81,35.7333,140.8333,41.0,2.3
Changde,0,CN,1612538596,89,29.0464,111.6783,44.49,5.32
Castro,0,BR,1612538596,57,-24.7911,-50.0119,73.08,7.65
Acapulco de Juárez,20,MX,1612538597,83,16.8634,-99.8901,78.8,3.44
Yellowknife,1,CA,1612538331,67,62.456,-114.3525,-38.2,6.91
Palmas,75,BR,1612538425,62,-10.2128,-48.3603,87.8,3.44
Lebu,61,CL,1612538356,75,-37.6167,-73.65,63.64,11.34
Chapais,1,CA,1612538597,92,49.7834,-74.8492,15.8,12.66
Saint Paul Harbor,75,US,1612538597,86,57.79,-152.4072,24.8,6.91
Rikitea,52,PF,1612538588,73,-23.1203,-134.9692,77.88,12.82
Timrå,40,SE,1612538597,86,62.487,17.3257,23.0,9.22
Khatanga,26,RU,1612538597,78,71.9667,102.5,-30.12,8.25
Tyukhtet,100,RU,1612538597,95,56.5389,89.3011,5.92,4.72
Barrow,90,US,1612538386,76,71.2906,-156.7887,-18.4,12.66
Yazd,0,IR,1612538598,14,31.8972,54.3675,64.4,4.61
Bredasdorp,0,ZA,1612538598,60,-34.5322,20.0403,75.2,12.66
Hanzhong,92,CN,1612538598,50,33.0728,107.0303,47.37,0.81
Mataura,100,NZ,1612538598,94,-46.1927,168.8643,47.46,1.59
Wattegama,90,LK,1612538418,89,6.7989,81.4808,78.8,10.36
Busselton,93,AU,1612538598,66,-33.65,115.3333,62.01,1.01
Vardø,75,NO,1612538598,80,70.3705,31.1107,28.4,10.36
Leningradskiy,100,RU,1612538599,87,69.3833,178.4167,-13.86,9.31
Saint-Augustin,100,CA,1612538599,97,51.226,-58.6502,32.45,17.9
Tezu,0,IN,1612538599,27,27.9167,96.1667,64.54,5.17
Wajid,0,SO,1612538599,18,3.8093,43.2471,92.61,8.97
Shenjiamen,99,CN,1612538599,93,29.9576,122.298,49.69,8.7
Port Elizabeth,20,ZA,1612538599,73,-33.918,25.5701,75.2,17.27
Santa Marta,69,CO,1612538599,72,11.2408,-74.199,87.01,1.99
Bluff,100,NZ,1612538599,86,-46.6,168.3333,53.17,4.07
Carnarvon,90,AU,1612538600,80,-24.8667,113.6333,80.6,19.57
Flinders,100,AU,1612538600,83,-34.5833,150.8552,73.99,4.0
Borogontsy,97,RU,1612538600,79,62.6683,131.1683,-40.52,1.23
Kutum,0,SD,1612538600,19,14.2,24.6667,72.61,20.09
Gogrial,0,SS,1612538600,10,8.5332,28.1004,95.32,9.8
San Patricio,90,US,1612538600,55,28.017,-97.5169,60.8,14.97
Alugan,75,PH,1612538600,87,12.2188,125.4808,80.26,10.51
Baykit,100,RU,1612538600,89,61.67,96.37,-0.13,2.86
Pandan,86,PH,1612538600,87,14.0453,124.1694,77.95,11.07
Havre-St-Pierre,90,CA,1612538601,93,50.2334,-63.5986,33.8,10.36
Gorontalo,100,ID,1612538601,88,0.5412,123.0595,75.65,4.0
Isiro,100,CD,1612538601,29,2.7739,27.616,91.15,2.91
Esperance,75,AU,1612538601,88,-33.8667,121.9,59.0,11.5
Linhares,100,BR,1612538601,51,-19.3911,-40.0722,90.0,8.41
Vila Franca do Campo,20,PT,1612538601,58,37.7167,-25.4333,59.0,12.66
Fayaoué,0,NC,1612538601,82,-20.65,166.5333,79.95,14.09
Cockburn Town,6,TC,1612538601,80,21.4612,-71.1419,76.28,19.24
Balakhta,97,RU,1612538601,92,55.38,91.6,4.55,2.35
Kiama,100,AU,1612538602,86,-34.6833,150.8667,73.99,7.0
Forsytheganj,26,BY,1612538602,95,52.6333,29.7333,14.79,6.69
Sibolga,100,ID,1612538602,83,1.7427,98.7792,77.65,3.42
Atuona,40,PF,1612538602,78,-9.8,-139.0333,79.09,14.7
Adré,5,TD,1612538602,14,13.4667,22.2,82.63,19.93
Port Hedland,32,AU,1612538602,89,-20.3167,118.5667,78.8,5.75
Cumaru,67,BR,1612538602,48,-8.0061,-35.6972,87.26,11.52
Port-Gentil,75,GA,1612538602,79,-0.7193,8.7815,86.0,13.8
Souillac,40,MU,1612538602,69,-20.5167,57.5167,82.4,13.8
Murayama,100,JP,1612538603,90,38.5193,140.3346,34.2,4.34
Hamilton,40,US,1612538446,59,39.1834,-84.5333,30.2,14.97
Ixtapa,1,MX,1612538603,72,20.7,-105.2,60.8,6.91
San Quintín,0,MX,1612538603,84,30.4833,-115.95,52.63,3.42
Lima,40,PE,1612538311,73,-12.0432,-77.0282,73.4,6.91
Half Moon Bay,1,US,1612538603,87,37.4636,-122.4286,48.0,3.38
George Town,20,MY,1612538436,74,5.4112,100.3354,84.2,3.44
La Asuncion,78,VE,1612538603,75,11.0333,-63.8628,79.54,19.51
Challans,90,FR,1612538603,82,46.8436,-1.8749,53.6,6.91
Cap Malheureux,1,MU,1612538603,73,-19.9842,57.6142,81.0,7.0
Boysun,100,UZ,1612538542,55,38.2061,67.1986,42.49,5.75
Tuatapere,100,NZ,1612538604,88,-46.1333,167.6833,52.9,1.41
Saskylakh,100,RU,1612538604,84,71.9167,114.0833,-29.54,5.53
Dwārka,0,IN,1612538604,54,22.2394,68.9678,70.9,10.96
Mantenópolis,100,BR,1612538604,61,-18.8625,-41.1228,84.56,5.55
Tasiilaq,20,GL,1612538604,58,65.6145,-37.6368,23.0,2.3
Chui,73,UY,1612538605,68,-33.6971,-53.4616,67.96,13.31
Bilibino,12,RU,1612538605,81,68.0546,166.4372,-20.29,4.68
Mortka,100,RU,1612538605,98,59.3322,66.0214,23.77,7.94
Daru,100,PG,1612538605,83,-9.0763,143.2092,79.84,9.82
Airai,100,TL,1612538605,100,-8.9266,125.4092,61.93,2.59
Lompoc,1,US,1612538605,100,34.6391,-120.4579,48.0,4.61
Zhangjiakou,0,CN,1612538605,86,40.81,114.8794,29.75,6.87
East London,90,ZA,1612538605,94,-33.0153,27.9116,69.8,4.61
Cidreira,88,BR,1612538486,73,-30.1811,-50.2056,72.05,19.17
Katherine,90,AU,1612538605,94,-14.4667,132.2667,73.4,8.05
Valparaíso,90,CL,1612538471,100,-33.0393,-71.6273,63.0,5.75
Avarua,63,CK,1612538606,94,-21.2078,-159.775,73.4,2.3
Emerald,43,AU,1612538606,69,-23.5333,148.1667,78.8,10.36
Nadym,100,RU,1612538606,87,65.5333,72.5167,-18.9,6.2
Butaritari,100,KI,1612538606,83,3.0707,172.7902,80.38,12.08
Severo-Kuril'sk,81,RU,1612538606,84,50.6789,156.125,11.68,6.13
Norman Wells,75,CA,1612538606,68,65.282,-126.8329,-27.4,19.57
Winsum,100,NL,1612538606,97,53.33,6.5208,37.99,1.99
Praia,75,CV,1612538607,64,14.9215,-23.5087,73.4,19.57
Auki,86,SB,1612538607,85,-8.7676,160.7034,77.85,7.83
Husavik,0,IS,1612538318,74,66.0449,-17.3389,23.0,5.75
Dakar,40,SN,1612538607,73,14.6937,-17.4441,69.8,21.85
Abasolo,1,MX,1612538607,26,20.45,-101.5167,57.2,1.83
Norrtälje,100,SE,1612538339,73,59.758,18.705,28.99,1.99
Al Bardīyah,9,LY,1612538607,77,31.7561,25.0865,62.58,14.79
Novo Oriente,12,BR,1612538607,31,-5.5344,-40.7742,94.08,7.56
Aksu,37,CN,1612538607,81,41.1231,80.2644,29.03,2.48
Ribeira Grande,40,PT,1612538356,63,38.5167,-28.7,60.8,11.5
Skovorodino,90,RU,1612538608,83,53.9833,123.9167,-18.89,3.2
Longyearbyen,75,SJ,1612538608,79,78.2186,15.6401,17.6,5.75
Dikson,3,RU,1612538608,84,73.5069,80.5464,-30.93,14.36
Necochea,0,AR,1612538606,25,-38.5473,-58.7368,81.97,3.69
Lotofaga,90,WS,1612538608,94,-13.9764,-171.8578,73.4,10.36
Pingxiang,96,CN,1612538608,89,27.6167,113.85,49.89,2.59
Kalengwa,16,ZM,1612538608,65,-13.4659,25.0027,80.15,1.7
Waingapu,100,ID,1612538608,82,-9.6567,120.2641,78.96,8.1
Lorengau,95,PG,1612538608,80,-2.0226,147.2712,80.22,5.97
Wanning,56,CN,1612538609,88,18.8003,110.3967,69.1,7.31
Sivaki,100,RU,1612538609,88,52.6333,126.75,-16.87,4.97
Paris,75,FR,1612538240,76,48.8534,2.3488,54.0,4.61
Armidale,100,AU,1612538609,85,-30.5167,151.65,62.01,3.0
Mwinilunga,18,ZM,1612538609,67,-11.7358,24.4293,77.5,2.55
San Cristobal,40,VE,1612538545,61,7.7669,-72.225,84.2,5.75
Nanortalik,0,GL,1612538609,79,60.1432,-45.2371,23.07,1.28
Jingdezhen,76,CN,1612538609,91,29.2947,117.2079,49.14,1.21
Shuyskoye,100,RU,1612538610,94,59.3736,41.0305,6.04,8.55
Champasak,0,LA,1612538610,57,14.75,106.0,71.62,0.87
Cherskiy,0,RU,1612538610,78,68.75,161.3,-12.59,8.3
Madimba,75,TZ,1612538610,66,-10.4,40.3333,86.0,13.8
Rincon,90,US,1612538318,71,32.296,-81.2354,57.0,10.36
Lata,100,PT,1612538610,84,40.1629,-8.3327,55.99,1.99
Bayreuth,100,DE,1612538610,81,49.9481,11.5783,43.0,1.01
Eyl,94,SO,1612538610,70,7.9803,49.8164,74.95,15.23
Geraldton,40,AU,1612538610,68,-28.7667,114.6,68.0,14.97
Bodden Town,75,KY,1612538610,74,19.2833,-81.25,80.6,11.5
Praia da Vitória,40,PT,1612538611,63,38.7333,-27.0667,60.01,17.07
Muncar,100,ID,1612538611,88,-8.4333,114.3333,77.09,3.47
Kostino,100,RU,1612538611,98,58.9097,53.2691,34.27,6.33
Apozol,0,MX,1612538611,23,21.4833,-103.1,66.78,0.58
Portland,90,US,1612538532,93,45.5234,-122.6762,45.0,13.8
Barrhead,90,GB,1612538404,93,55.7992,-4.3929,39.2,19.57
North Bend,90,US,1612538611,93,43.4065,-124.2243,42.01,10.36
Teguise,40,ES,1612538611,67,29.0605,-13.564,60.8,17.27
Eydhafushi,25,MV,1612538611,71,5.1033,73.0708,82.0,10.25
São Filipe,100,CV,1612538612,72,14.8961,-24.4956,71.92,15.95
Bambous Virieux,40,MU,1612538612,69,-20.3428,57.7575,82.4,13.8
Michigan City,90,US,1612538612,62,41.7075,-86.895,16.0,19.57
Honiara,74,SB,1612538612,81,-9.4333,159.95,78.01,4.18
Alta Floresta,75,BR,1612538612,100,-9.8756,-56.0861,75.2,3.44
Mondlo,84,ZA,1612538612,79,-27.983,30.7177,73.96,11.65
Gorodets,75,RU,1612538612,79,56.6514,43.475,15.8,13.42
Yar-Sale,98,RU,1612538612,86,66.8333,70.8333,-24.5,5.37
Santa Cruz,75,MA,1612538613,82,30.4202,-9.5982,59.0,17.27
Kloulklubed,75,PW,1612538613,83,7.0419,134.2556,80.6,9.22
Grindavik,75,IS,1612538613,87,63.8424,-22.4338,37.4,29.93
Fort Morgan,75,US,1612538613,34,40.2503,-103.8,32.0,6.91
Freeport,90,US,1612538418,81,40.6576,-73.5832,39.99,13.8
Kano,90,NG,1612538613,15,12.0001,8.5167,82.4,11.5
Bolobo,24,CD,1612538613,39,-2.1667,16.2333,92.61,2.04
Nova Granada,40,BR,1612538613,61,-20.5339,-49.3142,82.4,6.91
Chokurdakh,98,RU,1612538613,87,70.6333,147.9167,-16.17,13.47
Muros,83,ES,1612538613,75,42.7762,-9.0603,55.0,15.3
Nizhniy Kuranakh,91,RU,1612538614,83,58.8353,125.4869,-25.49,2.98
Kabanjahe,20,ID,1612538614,94,3.1001,98.4908,78.8,5.75
Hong Kong,0,HK,1612538318,74,22.2855,114.1577,66.99,5.88
Srandakan,95,ID,1612538614,86,-7.9386,110.2506,78.17,5.23
Bosansko Grahovo,100,BA,1612538614,65,44.1794,16.3639,60.01,5.99
Berlevåg,75,NO,1612538614,86,70.8578,29.0864,28.4,23.02
Atherton,42,GB,1612538614,70,53.5237,-2.4935,48.99,5.99
Samarai,2,PG,1612538588,78,-10.6167,150.6667,81.55,4.29
Cayenne,75,GF,1612538614,78,4.9333,-52.3333,82.4,16.11
Saint George,1,US,1612538615,64,37.1041,-113.5841,30.2,5.75
Yinchuan,0,CN,1612538615,64,38.4681,106.2731,36.09,6.82
Canto do Buriti,46,BR,1612538615,44,-8.11,-42.9444,92.05,5.55
Port Augusta,1,AU,1612538615,72,-32.5,137.7667,64.4,10.36
Weligama,90,LK,1612538615,80,5.9667,80.4167,78.19,6.17
Itarema,4,BR,1612538615,53,-2.9248,-39.9167,87.35,17.27
Okhotsk,97,RU,1612538615,85,59.3833,143.3,-0.78,8.61
Ucluelet,20,CA,1612538615,100,48.9329,-125.5528,43.0,3.44
Gambēla,0,ET,1612538615,15,8.25,34.5833,100.33,4.5
Seoul,75,KR,1612538458,80,37.5683,126.9778,35.6,3.44
Visby,75,SE,1612538339,63,57.6409,18.296,23.0,11.5
Yerofey Pavlovich,100,RU,1612538616,84,53.9667,121.9667,-12.01,4.43
Pevek,65,RU,1612538616,88,69.7008,170.3133,-14.89,2.57
Tumpat,20,MY,1612538616,78,6.1978,102.171,78.8,5.75
Usinsk,100,RU,1612538616,91,65.9939,57.5281,-6.41,12.03
Biak,100,ID,1612538616,79,-0.9131,122.8766,77.72,4.76
Touros,40,BR,1612538616,55,-5.1989,-35.4608,87.8,18.41
Ilulissat,20,GL,1612538616,37,69.2167,-51.1,10.4,12.66
Vila Velha,20,BR,1612538616,58,-20.3297,-40.2925,91.4,13.8
Monastyrshchina,96,RU,1612538617,95,54.3496,31.838,8.94,8.16
Aklavik,40,CA,1612538617,75,68.2191,-135.0107,-31.0,4.61
Ponta Porã,40,BR,1612538613,69,-22.5361,-55.7256,75.2,6.91
Säkylä,0,FI,1612538618,78,61.0333,22.3333,14.0,4.61
Provideniya,100,RU,1612538618,90,64.3833,-173.3,3.96,22.84
Gao,0,ML,1612538434,9,16.6362,1.637,92.44,11.92
Tananger,0,NO,1612538619,46,58.9333,5.6,28.0,14.97
Bushehr,0,IR,1612538619,46,28.9684,50.8385,71.6,21.85
Kurchum,85,KZ,1612538619,96,48.5722,83.6542,19.44,1.57
Mount Isa,40,AU,1612538619,55,-20.7333,139.5,87.8,8.05
Guerrero Negro,0,MX,1612538619,83,27.9769,-114.0611,56.98,7.83
Luanda,40,AO,1612538619,62,-8.8368,13.2343,86.0,10.36
Srednekolymsk,100,RU,1612538619,89,67.45,153.6833,-13.97,6.58
Zhoucheng,0,CN,1612538619,44,35.9122,116.3117,47.53,7.9
Toledo,53,ES,1612538619,56,39.8333,-4.0,66.99,8.46
Kavaratti,17,IN,1612538351,76,10.5669,72.642,81.61,11.07
Banda Aceh,6,ID,1612538620,83,5.5577,95.3222,78.06,11.21
Chebsara,75,RU,1612538620,78,59.2002,38.8356,5.0,4.47
Xichang,0,CN,1612538620,56,27.8964,102.2634,46.45,2.21
Zhigansk,22,RU,1612538620,75,66.7697,123.3711,-40.5,4.38
Port Keats,100,AU,1612538620,82,-14.25,129.55,82.45,11.27
Namatanai,100,PG,1612538588,85,-3.6667,152.4333,78.96,8.59
Omboué,100,GA,1612538620,79,-1.5746,9.2618,82.8,10.83
Upleta,0,IN,1612538620,53,21.7333,70.2833,73.4,3.44
Upernavik,100,GL,1612538621,75,72.7868,-56.1549,4.03,3.96
Parral,97,MX,1612538621,38,26.9333,-105.6667,55.2,1.01
Codrington,60,AU,1612538621,85,-38.2667,141.9667,55.54,12.41
Adjumani,100,UG,1612538621,16,3.3779,31.7909,96.1,4.88
Maceió,75,BR,1612538621,58,-9.6658,-35.7353,89.6,4.61
Nichinan,96,JP,1612538621,64,31.6,131.3667,50.29,4.21
Manta,90,EC,1612538621,78,-0.95,-80.7333,80.6,10.36
Itapirapuã,86,BR,1612538621,64,-15.8233,-50.6133,86.58,3.18
Markova,90,UA,1612538621,80,48.6758,24.4138,32.0,4.47
Grand Gaube,0,MU,1612538621,73,-20.0064,57.6608,81.0,7.0
Lakselv,75,NO,1612538622,93,70.0513,24.9718,23.0,2.3
Labuhan,98,ID,1612538622,84,-6.8844,112.2051,79.2,14.63
Kashgar,0,CN,1612538622,44,39.4547,75.9797,33.8,6.71
Avera,90,US,1612538622,96,33.194,-82.5271,54.0,6.91
Surovikino,100,RU,1612538622,96,48.6078,42.8486,32.09,22.91
Batemans Bay,100,AU,1612538622,88,-35.7167,150.1833,72.0,17.0
Bonavista,99,CA,1612538622,100,48.6499,-53.1147,39.99,8.05
Kamaishi,76,JP,1612538622,83,39.2667,141.8833,36.14,10.25
Adrar,58,MR,1612538622,24,20.5022,-10.0711,78.13,9.13
Belaya Gora,100,RU,1612538623,88,68.5333,146.4167,-19.41,7.11
Nurota,100,UZ,1612538623,40,40.5614,65.6886,51.8,4.61
Diu,0,IN,1612538623,54,20.7141,70.9822,68.95,7.54
Sühbaatar,100,MN,1612538623,87,50.2314,106.2078,2.91,2.1
Kodinsk,99,RU,1612538623,92,58.6881,99.1844,2.41,4.9
Merauke,100,ID,1612538330,88,-8.4667,140.3333,79.41,14.88
Yerbogachën,92,RU,1612538623,88,61.2767,108.0108,-15.57,2.75
Gore,100,NZ,1612538623,94,-46.1028,168.9436,46.71,1.01
Buin,13,CL,1612538623,64,-33.7333,-70.75,73.99,6.91
Cravo Norte,97,CO,1612538624,52,6.3017,-70.2041,88.83,12.12
Hobyo,0,SO,1612538624,74,5.3505,48.5268,77.0,13.98
Jamestown,75,US,1612538624,69,42.097,-79.2353,28.4,21.85
Khovd,77,MN,1612538624,85,48.0056,91.6419,17.51,0.4
Assiniboia,100,CA,1612538479,78,49.6334,-105.9845,-2.2,14.97
Tarazá,88,CO,1612538594,63,7.5836,-75.4007,85.69,1.99
Esfarāyen,0,IR,1612538624,24,37.0765,57.5101,51.8,2.3
Camocim,45,BR,1612538624,54,-2.9022,-40.8411,88.45,15.21
Vaijāpur,0,IN,1612538625,49,19.9167,74.7333,71.6,4.72
Kochki,99,RU,1612538625,97,54.3358,80.4806,17.96,6.93
Copiapó,40,CL,1612538625,63,-27.3667,-70.3333,66.2,4.61
Plettenberg Bay,5,ZA,1612538328,72,-34.0527,23.3716,74.14,9.55
Athy,97,IE,1612538625,85,52.9914,-6.9803,42.01,1.01
Tondano,40,ID,1612538625,94,1.3038,124.9112,77.0,1.14
Stornoway,75,GB,1612538625,75,58.2093,-6.3865,39.2,21.85
Marystown,100,CA,1612538532,91,47.1666,-55.1483,38.25,11.23
Tual,95,ID,1612538625,79,-5.6667,132.75,83.7,20.18
Tāsgaon,0,IN,1612538626,38,17.0333,74.6,75.34,13.58
Nouadhibou,20,MR,1612538626,64,20.931,-17.0347,69.8,14.97
Hede,0,CN,1612538626,94,33.7681,120.2517,41.31,8.48
Nishihara,20,JP,1612538626,55,26.1842,127.7558,64.4,4.61
Saint-François,0,FR,1612538627,82,46.4154,3.9054,53.01,8.05
Sitka,75,US,1612538627,100,57.0531,-135.33,33.8,4.61
Saldanha,3,ZA,1612538627,57,-33.0117,17.9442,77.0,23.02
Iglesias,0,IT,1612538627,60,39.3114,8.535,69.8,10.36
Pelym,100,RU,1612538627,97,61.0108,61.9978,15.4,2.86
Soyo,20,AO,1612538627,79,-6.1349,12.3689,84.2,8.05
Bow Island,100,CA,1612538628,85,49.8668,-111.3684,6.8,9.22
Ust'-Kut,99,RU,1612538628,92,56.7938,105.7672,3.25,2.77
Iqaluit,75,CA,1612538628,79,63.7506,-68.5145,19.4,19.57
Mitsamiouli,20,KM,1612538332,79,-11.3847,43.2844,84.2,5.75
Riedlingen,75,DE,1612538628,66,48.1545,9.4756,53.6,3.44
Coyhaique,0,CL,1612538628,49,-45.5752,-72.0662,71.6,3.44
Coquimbo,90,CL,1612538628,77,-29.9533,-71.3436,62.6,8.05
Bundaberg,17,AU,1612538629,88,-24.85,152.35,73.0,5.75
Glendive,90,US,1612538629,92,47.1053,-104.7125,12.0,9.22
Svelgen,0,NO,1612538530,46,61.7685,5.2955,28.4,14.97
Zapolyarnyy,75,RU,1612538629,86,69.4154,30.8136,24.8,12.66
Sarangani,100,PH,1612538629,76,5.4033,125.4636,82.8,16.8
Kidal,0,ML,1612538631,10,18.4411,1.4078,90.14,13.04
Katrineholm,40,SE,1612538631,79,58.9959,16.2072,19.4,6.91
Port Pirie,51,AU,1612538631,72,-33.1833,138.0167,64.4,10.36
Aswān,9,EG,1612538631,34,24.0934,32.907,71.55,18.59
Wajir,0,KE,1612538631,30,1.7471,40.0573,96.8,7.02
Kalga,31,RU,1612538631,84,50.9251,118.898,-11.42,3.44
Ossora,100,RU,1612538631,92,59.2353,163.0719,3.87,4.36
Puerto Peñasco,1,MX,1612538365,32,31.3167,-113.5333,50.0,9.22
Turukhansk,100,RU,1612538632,88,65.8167,87.9833,-19.61,4.32
Jüterbog,100,DE,1612538632,85,51.9833,13.0833,34.0,4.0
Broadstairs,0,GB,1612538632,71,51.3591,1.4394,51.01,3.0
Taltal,1,CL,1612538632,61,-25.4,-70.4833,69.75,6.62
Inhambane,75,MZ,1612538632,94,-23.865,35.3833,77.0,8.05
Pathein,0,MM,1612538434,86,16.7833,94.7333,70.95,4.52
Choya,100,RU,1612538632,96,52.0108,86.5467,23.29,2.53
Esqueda,0,MX,1612538632,53,30.7167,-109.5833,46.44,1.77
Jatiroto,100,ID,1612538632,88,-7.8833,111.1167,75.45,0.92
Astara,75,AZ,1612538633,76,38.5,48.6667,57.2,21.85
Dingle,97,PH,1612538633,89,10.9995,122.6711,75.87,7.45
Monrovia,40,LR,1612538633,58,6.3005,-10.7969,91.4,11.5
Alekseyevsk,99,RU,1612538633,91,57.8406,108.3492,0.93,3.74
Salalah,40,OM,1612538633,64,17.0151,54.0924,75.2,4.61
Aksarka,100,RU,1612538633,87,66.5606,67.7975,-19.84,8.84
Beyneu,25,KZ,1612538633,53,45.3167,55.2,49.55,10.09
Muroto-misakicho,98,JP,1612538633,59,33.2833,134.15,53.87,11.9
Chilca,40,PE,1612538588,73,-12.5211,-76.7372,73.4,6.91
Bengkulu,76,ID,1612538634,85,-3.8004,102.2655,78.03,4.09
Sechura,100,PE,1612538634,61,-5.5569,-80.8222,77.54,10.49
Mount Gambier,75,AU,1612538634,94,-37.8333,140.7667,55.4,11.5
Takaka,81,NZ,1612538634,79,-40.85,172.8,57.99,1.99
Camargo,51,MX,1612538634,36,27.6667,-105.1667,58.12,7.63
Garissa,5,KE,1612538634,28,-0.4536,39.6401,94.28,6.15
Awjilah,0,LY,1612538634,28,29.1081,21.2869,71.02,6.62
Vao,7,NC,1612538634,86,-22.6667,167.4833,78.28,18.5
Nome,40,US,1612538635,79,64.5011,-165.4064,15.8,23.02
Derzhavīnsk,100,KZ,1612538635,97,51.1,66.3167,33.28,7.52
Wau,26,SS,1612538635,11,7.7029,27.9953,95.18,8.75
Lázaro Cárdenas,38,MX,1612538635,74,17.9583,-102.2,75.4,3.78
Marzuq,0,YE,1612538635,39,14.4,46.4667,66.63,11.72
Alofi,100,NU,1612538635,94,-19.0595,-169.9187,77.0,6.91
Massaguet,0,TD,1612538635,8,12.4755,15.4365,89.6,16.11
Sanok,99,PL,1612538635,95,49.5557,22.2056,30.0,4.14
Fernandina Beach,90,US,1612538636,55,30.6697,-81.4626,60.01,14.97
Bangassou,6,CF,1612538636,12,4.7413,22.8184,100.6,5.46
Pangody,79,RU,1612538636,87,65.85,74.4859,-23.13,2.68
Agirish,100,RU,1612538636,97,61.9247,63.0231,11.55,1.7
Seminole,1,US,1612538636,55,28.7086,-81.2081,66.99,14.97
San Rafael,0,AR,1612538460,22,-34.6177,-68.3301,81.9,8.7
Talnakh,100,RU,1612538636,84,69.4865,88.3972,-22.63,5.66
Aripuanã,99,BR,1612538636,91,-9.1667,-60.6333,77.49,3.8
Clyde River,75,CA,1612538637,76,70.4692,-68.5914,-20.2,17.27
Ellsworth,1,US,1612538637,80,44.5434,-68.4195,33.01,3.83
Tromsø,75,NO,1612538637,80,69.6496,18.957,30.2,8.05
Otradnoye,40,RU,1612538637,78,59.7775,30.8181,8.01,13.42
Constantine,40,DZ,1612538637,23,36.365,6.6147,73.4,4.61
Orlik,74,RU,1612538637,81,52.5178,99.825,-8.14,3.02
Olmos,98,PE,1612538637,72,-5.9847,-79.7453,77.0,1.01
Te Anau,99,NZ,1612538638,91,-45.4167,167.7167,54.43,0.4
Christchurch,60,NZ,1612538544,93,-43.5333,172.6333,53.01,3.44
Sirte,29,LY,1612538638,33,31.2089,16.5887,71.91,5.66
Kahului,90,US,1612538638,88,20.8947,-156.47,64.4,4.61
Tazovsky,0,RU,1612538638,83,67.4667,78.7,-36.78,2.28
Broken Hill,0,AU,1612538638,34,-31.95,141.4333,68.0,12.66
Gizo Government Station,29,SB,1612538638,75,-8.103,156.8419,82.76,8.86
Grafton,90,US,1612538638,93,42.207,-71.6856,33.01,11.5
Isangel,20,VU,1612538638,94,-19.55,169.2667,77.0,3.27
Skjervøy,90,NO,1612538639,93,70.0311,20.9714,30.2,8.05
Mafeteng,0,LS,1612538639,35,-29.823,27.2374,80.06,5.5
Lüderitz,0,NA,1612538610,44,-26.6481,15.1594,78.8,28.72
Norsup,99,VU,1612538639,79,-16.0667,167.3833,78.96,1.23
Togur,100,RU,1612538639,95,58.3631,82.8265,9.46,6.93
Buckeye,1,US,1612538526,32,33.3703,-112.5838,51.01,9.22
Kununurra,90,AU,1612538639,100,-15.7667,128.7333,77.0,2.3
Ormara,0,PK,1612538639,58,25.2088,64.6357,70.54,9.13
Domoni,61,KM,1612538640,69,-12.2569,44.5319,83.37,1.95
Acaraú,6,BR,1612538640,52,-2.8856,-40.12,87.46,18.61
Talcahuano,90,CL,1612538415,94,-36.7167,-73.1167,59.0,10.36
Rocha,94,UY,1612538640,64,-34.4833,-54.3333,67.53,13.38
Den Helder,90,NL,1612538640,93,52.9599,4.7593,41.0,11.5
Fairbanks,1,US,1612538544,74,64.8378,-147.7164,-23.01,3.67
Sorong,100,ID,1612538640,76,-0.8833,131.25,81.82,4.63
Mezen',83,RU,1612538640,88,65.8522,44.24,-8.01,11.07
Deputatsky,100,RU,1612538640,86,69.3,139.9,-33.29,1.07
Bayeux,20,BR,1612538641,58,-7.125,-34.9322,87.8,13.8
Marsabit,0,KE,1612538641,37,2.3284,37.9899,78.76,11.92
Cabo San Lucas,1,MX,1612538385,43,22.8909,-109.9124,73.0,1.19
Loandjili,40,CG,1612538641,74,-4.7561,11.8578,87.8,9.22
Oranjestad,40,AW,1612538641,70,12.524,-70.027,84.2,23.02
Diré,100,ML,1612538641,8,12.2833,-10.9667,103.87,3.24
Inírida,89,CO,1612538641,75,3.8653,-67.9239,85.53,0.36
Puerto Escondido,20,MX,1612538641,78,15.85,-97.0667,80.6,4.61
Cururupu,0,BR,1612538642,48,-1.8283,-44.8683,89.55,8.14
Puerto Maldonado,75,PE,1612538642,78,-12.6,-69.1833,82.4,5.75
Gobabis,95,NA,1612538642,41,-22.45,18.9667,83.79,10.25
Klaksvík,77,FO,1612538642,64,62.2266,-6.589,35.6,10.36
Volga,100,RU,1612538416,94,57.9516,38.3879,4.98,9.69
Tynda,79,RU,1612538642,83,55.1667,124.7167,-25.02,3.6
Gnjilane,0,XK,1612538642,51,42.4604,21.4699,59.0,6.91
Mahanoro,0,MG,1612538643,73,-19.9,48.8,82.26,8.7
Makat,89,KZ,1612538643,82,47.6469,53.3463,40.28,6.89
Bhatkal,0,IN,1612538643,64,13.9667,74.5667,77.83,9.28
Tilichiki,100,RU,1612538643,93,60.4667,166.1,-6.54,14.5
Dunedin,71,NZ,1612538643,79,-45.8742,170.5036,55.0,7.0
Mana,87,GF,1612538643,81,5.6592,-53.7767,79.21,12.3
Wellington,40,NZ,1612538643,100,-41.2866,174.7756,57.0,11.5
Umeå,40,SE,1612538562,86,63.8284,20.2597,21.2,10.36
Ust-Kuyga,100,RU,1612538643,82,70.0167,135.6,-32.06,4.16
Cerknica,90,SI,1612538644,89,45.7931,14.3625,48.0,8.99
Riverton,90,US,1612538644,69,40.5219,-111.9391,34.0,19.57
Kachug,100,RU,1612538644,90,53.9606,105.8817,1.89,3.0
Kuruman,71,ZA,1612538644,33,-27.4524,23.4325,89.01,1.7
Calama,0,CL,1612538644,18,-22.4667,-68.9333,73.4,14.97
Nioro,100,GM,1612538644,10,13.35,-15.75,94.78,9.82
Kjøllefjord,75,NO,1612538529,86,70.9457,27.3465,30.2,10.36
Kavieng,100,PG,1612538644,88,-2.5744,150.7967,79.27,13.62
Seymchan,95,RU,1612538645,85,62.8833,152.4333,-18.58,4.34
Buenos Aires,0,AR,1612538541,56,-34.6132,-58.3772,77.0,8.05
Mogadishu,75,SO,1612538645,65,2.0371,45.3438,80.6,14.97
Uyuni,68,BO,1612538645,49,-20.4597,-66.825,59.02,6.15
Mossamedes,20,AO,1612538645,64,-15.1961,12.1522,75.2,18.41
Smithers,90,CA,1612538645,93,54.7804,-127.1743,26.6,2.3
Micheweni,0,TZ,1612538645,69,-4.9667,39.8333,82.71,13.65
Qarayeri,75,AZ,1612538645,71,40.7886,46.3066,51.8,18.41
Assiut,40,EG,1612538645,63,27.181,31.1837,64.4,14.97
General Pico,0,AR,1612538646,18,-35.6566,-63.7568,87.67,7.9
Vostok,100,RU,1612538646,94,46.4856,135.8833,0.63,3.22
Marawi,83,PH,1612538646,92,7.9986,124.2928,75.99,3.0
Wittenberge,100,DE,1612538352,85,53.0,11.75,34.0,10.0
Giohar,0,SO,1612538646,60,2.7809,45.5005,80.26,19.8
Poum,11,NC,1612538646,76,-20.2333,164.0167,79.59,5.48
Cap-aux-Meules,99,CA,1612538646,93,47.3821,-61.8597,32.0,20.71
Barra de Tecoanapa,23,MX,1612538646,73,16.5167,-98.75,78.93,3.49
Clifton,90,US,1612538435,93,40.8584,-74.1638,39.2,9.22
Plastun,30,RU,1612538646,90,44.7561,136.2939,10.63,5.1
Minusinsk,79,RU,1612538647,85,53.7103,91.6875,1.4,2.24
Quatre Cocos,40,MU,1612538647,69,-20.2078,57.7625,82.4,13.8
Aitape,100,PG,1612538647,85,-3.1374,142.3475,77.61,2.62
Dutse,20,NG,1612538647,11,11.7594,9.3392,91.4,14.05
Vyshneve,75,UA,1612538647,73,50.3891,30.3705,23.0,11.18
Kupang,100,ID,1612538647,85,-10.1667,123.5833,78.71,7.09
Ancud,0,CL,1612538636,38,-41.8697,-73.8203,77.0,19.57
Yuzhnoural'sk,100,RU,1612538647,99,54.4418,61.2536,33.85,10.65
Comodoro Rivadavia,75,AR,1612538387,64,-45.8667,-67.5,68.0,9.22
Rafai,14,CF,1612538648,14,4.95,23.9167,98.69,5.55
Port-Cartier,93,CA,1612538648,93,50.0334,-66.8654,36.0,3.44
Solnechnyy,97,RU,1612538648,85,50.7214,136.6319,-15.7,0.34
Vicksburg,1,US,1612538648,57,32.3526,-90.8779,44.6,9.22
San Cosme y Damián,0,PY,1612538648,41,-27.3167,-56.35,80.6,10.36
Gimbi,58,ET,1612538648,22,9.1667,35.8333,74.89,6.69
Homer,1,US,1612538648,85,59.6425,-151.5483,19.99,5.75
Charalá,91,CO,1612538648,43,6.2858,-73.1472,81.19,3.38
"Guinayangan, Fourth District of Quezon",99,PH,1612538649,93,13.9006,122.4519,75.07,8.28
Kolondiéba,38,ML,1612538468,9,11.0882,-6.8926,103.48,3.69
Watsa,93,CD,1612538649,19,3.0372,29.5355,91.13,5.77
Killam,100,CA,1612538649,84,52.7834,-111.8518,-14.8,4.61
Kemijärvi,13,FI,1612538649,95,66.7131,27.4306,10.9,6.44
Kaeo,100,NZ,1612538649,92,-35.1,173.7833,60.01,1.01
Dolores,0,AR,1612538649,32,-36.3132,-57.6792,76.77,6.53
Amalāpuram,91,IN,1612538527,61,16.5833,82.0167,77.0,10.36
Gorodishche,90,RU,1612538649,87,48.8045,44.4744,39.0,20.13
Ostrovnoy,100,RU,1612538650,93,68.0531,39.5131,13.1,15.95
Abéché,0,TD,1612538650,8,13.8292,20.8324,86.0,11.5
Narsaq,1,GL,1612538650,41,60.9167,-46.05,15.8,4.61
Sur,0,OM,1612538650,62,22.5667,59.5289,67.46,3.71
Katsuura,75,JP,1612538650,40,35.1333,140.3,53.6,19.57
Skegness,40,GB,1612538650,87,53.1436,0.3363,48.2,11.5
Pontianak,20,ID,1612538650,94,-0.0333,109.3333,75.2,5.03
Chimbote,86,PE,1612538651,64,-9.0853,-78.5783,74.32,8.21
Mehamn,75,NO,1612538651,86,71.0357,27.8492,30.2,23.02
Asău,98,RO,1612538651,68,46.4333,26.4,37.99,1.83
Gua Musang,9,MY,1612538651,91,4.8823,101.9644,72.93,2.17
Freetown,98,SL,1612538465,54,8.484,-13.2299,83.84,11.5
Departamento de Maldonado,75,UY,1612538367,60,-34.6667,-54.9167,71.6,11.5
El Calvario,0,GT,1612538651,60,14.1167,-89.9167,75.2,2.3
Strathroy,100,CA,1612538651,60,42.9551,-81.6223,21.99,5.01
Irará,26,BR,1612538651,44,-12.05,-38.7667,90.84,7.29
Dongsheng,0,CN,1612538651,79,39.8161,109.9776,28.22,17.36
Wexford,73,IE,1612538652,87,52.3342,-6.4575,46.0,1.99
Alice Springs,100,AU,1612538652,53,-23.7,133.8833,75.2,6.91
Predeal,73,RO,1612538652,90,45.5,25.5667,48.0,14.0
Vzmorye,75,RU,1612538652,86,54.6961,20.2361,28.4,11.18
Gardez,0,AF,1612538652,75,33.5974,69.2259,31.03,2.44
Gigmoto,93,PH,1612538652,85,13.7796,124.39,78.22,8.88
Gemena,73,CD,1612538652,28,3.25,19.7667,94.44,5.06
Porosozero,100,RU,1612538652,92,62.7191,32.727,4.26,11.52
Miles City,90,US,1612538652,79,46.4083,-105.8406,17.6,3.44
Ballina,90,AU,1612538652,94,-28.8667,153.5667,71.6,4.61
Shipitsyno,100,RU,1612538653,95,61.2806,46.5208,7.7,8.97
Puerto del Rosario,75,ES,1612538653,72,28.5004,-13.8627,59.0,16.11
Dudinka,100,RU,1612538653,84,69.4058,86.1778,-31.04,6.8
Luena,58,AO,1612538653,76,-11.7833,19.9167,76.37,1.72
Hell,75,NO,1612538653,85,63.4455,10.9033,17.01,6.91
Qasigiannguit,20,GL,1612538653,37,68.8193,-51.1922,10.4,12.66
Port Hawkesbury,90,CA,1612538653,100,45.6169,-61.3485,34.0,9.22
Jijiang,0,CN,1612538402,93,29.2906,106.2542,50.0,4.47
Belmonte,75,BR,1612538654,79,-15.8631,-38.8828,89.6,18.41
Goderich,100,CA,1612538654,86,43.7501,-81.7165,26.6,26.46
Morehead,1,US,1612538654,55,37.2711,-87.1764,32.0,3.44
Priargunsk,0,RU,1612538654,88,50.3691,119.1012,-14.46,2.77
Erdenet,100,MN,1612538654,95,49.0333,104.0833,7.16,4.47
Egvekinot,100,RU,1612538654,90,66.3167,-179.1667,-15.41,18.68
Brae,75,GB,1612538654,60,60.3964,-1.353,33.8,19.57
Coahuayana Viejo,1,MX,1612538654,68,18.7333,-103.6833,71.6,1.32
Province of Trapani,0,IT,1612538654,48,37.8333,12.6667,66.2,18.41
Almeria,40,ES,1612538655,35,37.1667,-2.3333,73.4,16.11
Kangāvar,100,IR,1612538655,75,34.5043,47.9653,46.63,5.21
Panguna,83,PG,1612538655,99,-6.3164,155.4848,69.64,1.39
Gōtsuchō,100,JP,1612538655,71,35.0,132.2167,46.45,11.68
Zheleznodorozhnyy,75,RU,1612538655,73,55.7503,38.0042,14.0,13.42
Port Blair,18,IN,1612538655,79,11.6667,92.75,79.27,9.1
Hanmer Springs,51,NZ,1612538655,80,-42.5167,172.8167,45.27,1.57
Puerto Colombia,20,CO,1612538655,70,10.9878,-74.9547,86.0,5.75
Nemuro,1,JP,1612538655,87,43.3236,145.575,21.72,11.79
Vyartsilya,100,RU,1612538655,91,62.1764,30.693,4.75,9.62
Tateyama,75,JP,1612538656,40,34.9833,139.8667,53.6,19.57
Kazachinskoye,89,RU,1612538656,93,57.6953,93.2761,2.93,4.88
Westport,90,US,1612538525,81,41.1415,-73.3579,39.2,14.97
Pacific Grove,1,US,1612538640,65,36.6177,-121.9166,42.8,5.75
Lermontovka,100,RU,1612538656,93,47.1453,134.3383,1.8,2.19
Porbandar,0,IN,1612538656,53,21.6422,69.6093,73.4,3.44
Villacarrillo,52,ES,1612538656,65,38.1156,-3.0848,62.01,14.92
Dorogobuzh,100,RU,1612538656,95,54.915,33.2972,10.53,8.05
Samoded,100,RU,1612538656,92,63.6083,40.5111,0.07,10.18
El Vigia,73,VE,1612538656,56,8.6219,-71.6506,84.81,4.23
Cam Ranh,20,VN,1612538657,64,11.9214,109.1591,75.2,10.36
Margate,0,GB,1612538657,71,51.3813,1.3862,51.01,3.0
Uklana Mandi,0,IN,1612538657,52,29.5023,75.8849,55.42,4.92
Yulara,48,AU,1612538657,28,-25.2406,130.9889,73.4,9.22
Muisne,75,EC,1612538657,94,0.6,-80.0333,80.6,6.91
Purranque,0,CL,1612538657,53,-40.9167,-73.1667,75.2,11.5
Bodaybo,100,RU,1612538657,87,57.8506,114.1933,-1.98,2.59
Belyy Yar,89,RU,1612538657,85,53.6039,91.3903,1.4,2.24
Moultonborough,100,US,1612538657,95,43.7548,-71.3967,28.0,1.99
Atar,100,MR,1612538657,25,20.5169,-13.0499,74.77,13.4
Sørland,40,NO,1612538530,75,67.667,12.6934,35.6,11.5
Gbadolite,92,CD,1612538658,33,4.2833,21.0167,95.14,2.19
Mokhsogollokh,99,RU,1612538658,81,61.4681,128.9203,-33.48,4.03
Payson,90,US,1612538463,59,40.0444,-111.7321,33.01,3.44
Pangkalanbuun,92,ID,1612538658,95,-2.6833,111.6167,75.54,3.2
Noormarkku,0,FI,1612538658,73,61.5927,21.8685,14.0,6.91
Road Town,40,VG,1612538658,65,18.4167,-64.6167,84.2,10.36
Amahai,100,ID,1612538535,80,-3.3333,128.9167,80.11,5.53
Campbell River,20,CA,1612538602,100,50.0163,-125.2446,37.0,2.3
Meulaboh,92,ID,1612538658,76,4.1363,96.1285,80.02,1.83
Iranshahr,0,IR,1612538659,12,27.2025,60.6848,69.8,2.1
Dédougou,19,BF,1612538659,8,12.4667,-3.4667,101.12,6.58
Baracoa,42,CU,1612538659,76,20.3467,-74.4958,78.66,9.44
Mirabela,40,BR,1612538659,51,-16.2628,-44.1644,86.0,6.91
Keelung,20,TW,1612538577,82,25.1283,121.7419,66.0,2.3
Pinotepa Nacional,29,MX,1612538659,69,16.3167,-98.0167,79.16,3.51
Jiwani,0,PK,1612538659,46,25.05,61.7417,70.68,9.93
San Jerónimo,100,PE,1612538659,64,-11.9472,-75.2829,54.66,1.48
Batāla,0,IN,1612538659,82,31.8186,75.2028,53.6,4.99
Wacheng,0,CN,1612538659,50,33.7833,114.5167,48.78,7.56
